{
  "results": [
    {
      "poster_path": "http://image.tmdb.org/t/p/w500/inVq3FRqcYIRl2la8iZikYYxFNR.jpg",
      "original_title": "Deadpool"
    },
    {
      "poster_path": "http://image.tmdb.org/t/p/w500/jjBgi2r5cRt36xF6iNUEhzscEcb.jpg",
      "original_title": "Jurassic World"
    },
    {
      "poster_path": "http://image.tmdb.org/t/p/w500/oXUWEc5i3wYyFnL1Ycu8ppxxPvs.jpg",
      "original_title": "The Revenant"
    },
    {
      "poster_path": "http://image.tmdb.org/t/p/w500/kqjL17yufvn9OVLyXYpvtyrFfak.jpg",
      "original_title": "Mad Max: Fury Road"
    },
    {
      "poster_path": "http://image.tmdb.org/t/p/w500/hE24GYddaxB9MVZl1CaiI86M3kp.jpg",
      "original_title": "Spectre"
    },
    {
      "poster_path": "http://image.tmdb.org/t/p/w500/5aGhaIHYuQbqlHWvWYqMCnj40y2.jpg",
      "original_title": "The Martian"
    },
    {
      "poster_path": "http://image.tmdb.org/t/p/w500/fYzpM9GmpBlIC893fNjoWCwE24H.jpg",
      "original_title": "Star Wars: The Force Awakens"
    },
    {
      "poster_path": "http://image.tmdb.org/t/p/w500/cgxEscv6TQRK6a514FwuJOjcqQ5.jpg",
      "original_title": "The 5th Wave"
    },
    {
      "poster_path": "http://image.tmdb.org/t/p/w500/5JU9ytZJyR3zmClGmVm9q4Geqbd.jpg",
      "original_title": "Terminator Genisys"
    },
    {
      "poster_path": "http://image.tmdb.org/t/p/w500/nBNZadXqJSdt05SHLqgT0HuC5Gm.jpg",
      "original_title": "Interstellar"
    },
    {
      "poster_path": "http://image.tmdb.org/t/p/w500/2ZckiMTfSkCep2JTtZbr73tnQbN.jpg",
      "original_title": "The Good Dinosaur"
    },
    {
      "poster_path": "http://image.tmdb.org/t/p/w500/fqe8JxDNO8B8QfOGTdjh6sPCdSC.jpg",
      "original_title": "The Hateful Eight"
    },
    {
      "poster_path": "http://image.tmdb.org/t/p/w500/cWERd8rgbw7bCMZlwP207HUXxym.jpg",
      "original_title": "The Hunger Games: Mockingjay - Part 1"
    },
    {
      "poster_path": "http://image.tmdb.org/t/p/w500/q0R4crx2SehcEEQEkYObktdeFy.jpg",
      "original_title": "Minions"
    },
    {
      "poster_path": "http://image.tmdb.org/t/p/w500/nokkbw7qbEj4qISQSWuTqltkaIo.jpg",
      "original_title": "Bridge of Spies"
    },
    {
      "poster_path": "http://image.tmdb.org/t/p/w500/t5tGykRvvlLBULIPsAJEzGg1ylm.jpg",
      "original_title": "Heist"
    }
  ]
}